id_equipment,name,desc,category,gear_category,cost,weight,speed,range,capacity,properties,damage,damage_type,category_range,throw_range,weapon_category,weapon_range,armor_category,armor_class,tool_category,vehicle_category
1,Abacus,None,Adventuring Gear,Standard Gear,2 gp,2.0,None,None,None,None,None,None,None,None,None,None,None,None,None,None
2,Acid (vial),"As an action, you can splash the contents of this vial onto a creature within 5 feet of you or throw the vial up to 20 feet, shattering it on impact. In either case, make a ranged attack against a creature or object, treating the acid as an improvised weapon., On a hit, the target takes 2d6 acid damage.",Adventuring Gear,Standard Gear,25 gp,1.0,None,None,None,None,None,None,None,None,None,None,None,None,None,None
3,Alchemist's fire (flask),"This sticky, adhesive fluid ignites when exposed to air., As an action, you can throw this flask up to 20 feet, shattering it on impact. Make a ranged attack against a creature or object, treating the alchemists fire as an improvised weapon., On a hit, the target takes 1d4 fire damage at the start of each of its turns. A creature can end this damage by using its action to make a DC 10 Dexterity check to extinguish the flames.",Adventuring Gear,Standard Gear,50 gp,1.0,None,None,None,None,None,None,None,None,None,None,None,None,None,None
4,Alchemist's supplies,"These special tools include the items needed to pursue a craft or trade. The table shows examples of the most common types of tools, each providing items related to a single craft. Proficiency with a set of artisans tools lets you add your proficiency bonus to any ability checks you make using the tools in your craft. Each type of artisans tools requires a separate proficiency.",Tools,,50 gp,8.0,None,None,None,None,None,None,None,None,None,None,None,None,Artisan's Tools,None
5,Amulet,"A holy symbol is a representation of a god or pantheon. It might be an amulet depicting a symbol representing a deity, the same symbol carefully engraved or inlaid as an emblem on a shield, or a tiny box holding a fragment of a sacred relic., Appendix B lists the symbols commonly associated with many gods in the multiverse. A cleric or paladin can use a holy symbol as a spellcasting focus. To use the symbol in this way, the caster must hold it in hand, wear it visibly, or bear it on a shield.",Adventuring Gear,Holy Symbol,5 gp,1.0,None,None,None,None,None,None,None,None,None,None,None,None,None,None
6,Animal Feed (1 day),None,Mounts and Vehicles,,5 cp,10.0,None,None,None,None,None,None,None,None,None,None,None,None,None,"Tack, Harness, and Drawn Vehicles"
7,Antitoxin (vial),A creature that drinks this vial of liquid gains advantage on saving throws against poison for 1 hour. It confers no benefit to undead or constructs.,Adventuring Gear,Standard Gear,50 gp,0.0,None,None,None,None,None,None,None,None,None,None,None,None,None,None
8,Arrow,None,Adventuring Gear,Ammunition,1 gp,1.0,None,None,None,None,None,None,None,None,None,None,None,None,None,None
9,Backpack,None,Adventuring Gear,Standard Gear,2 gp,5.0,None,None,None,None,None,None,None,None,None,None,None,None,None,None
10,Bagpipes,"Several of the most common types of musical instruments are shown on the table as examples. If you have proficiency with a given musical instrument, you can add your proficiency bonus to any ability checks you make to play music with the instrument. A bard can use a musical instrument as a spellcasting focus. Each type of musical instrument requires a separate proficiency.",Tools,,30 gp,6.0,None,None,None,None,None,None,None,None,None,None,None,None,Musical Instrument,None
11,"Ball bearings (bag of 1,000)","As an action, you can spill these tiny metal balls from their pouch to cover a level, square area that is 10 feet on a side., A creature moving across the covered area must succeed on a DC 10 Dexterity saving throw or fall prone., A creature moving through the area at half speed doesnt need to make the save.",Adventuring Gear,Standard Gear,1 gp,2.0,None,None,None,None,None,None,None,None,None,None,None,None,None,None
12,Barding: Breastplate,"Barding is armor designed to protect an animals head, neck, chest, and body. Any type of armor shown on the Armor table can be purchased as barding. The cost is four times the equivalent armor made for humanoids, and it weighs twice as much.",Mounts and Vehicles,,1600 gp,40.0,None,None,None,None,None,None,None,None,None,None,None,None,None,"Tack, Harness, and Drawn Vehicles"
13,Barding: Chain mail,"Barding is armor designed to protect an animals head, neck, chest, and body. Any type of armor shown on the Armor table can be purchased as barding. The cost is four times the equivalent armor made for humanoids, and it weighs twice as much.",Mounts and Vehicles,,300 gp,110.0,None,None,None,None,None,None,None,None,None,None,None,None,None,"Tack, Harness, and Drawn Vehicles"
14,Barding: Chain shirt,"Barding is armor designed to protect an animals head, neck, chest, and body. Any type of armor shown on the Armor table can be purchased as barding. The cost is four times the equivalent armor made for humanoids, and it weighs twice as much.",Mounts and Vehicles,,200 gp,40.0,None,None,None,None,None,None,None,None,None,None,None,None,None,"Tack, Harness, and Drawn Vehicles"
15,Barding: Half plate,"Barding is armor designed to protect an animals head, neck, chest, and body. Any type of armor shown on the Armor table can be purchased as barding. The cost is four times the equivalent armor made for humanoids, and it weighs twice as much.",Mounts and Vehicles,,3000 gp,80.0,None,None,None,None,None,None,None,None,None,None,None,None,None,"Tack, Harness, and Drawn Vehicles"
16,Barding: Hide,"Barding is armor designed to protect an animals head, neck, chest, and body. Any type of armor shown on the Armor table can be purchased as barding. The cost is four times the equivalent armor made for humanoids, and it weighs twice as much.",Mounts and Vehicles,,40 gp,24.0,None,None,None,None,None,None,None,None,None,None,None,None,None,"Tack, Harness, and Drawn Vehicles"
17,Barding: Leather,"Barding is armor designed to protect an animals head, neck, chest, and body. Any type of armor shown on the Armor table can be purchased as barding. The cost is four times the equivalent armor made for humanoids, and it weighs twice as much.",Mounts and Vehicles,,40 gp,20.0,None,None,None,None,None,None,None,None,None,None,None,None,None,"Tack, Harness, and Drawn Vehicles"
18,Barding: Padded,"Barding is armor designed to protect an animals head, neck, chest, and body. Any type of armor shown on the Armor table can be purchased as barding. The cost is four times the equivalent armor made for humanoids, and it weighs twice as much.",Mounts and Vehicles,,20 gp,16.0,None,None,None,None,None,None,None,None,None,None,None,None,None,"Tack, Harness, and Drawn Vehicles"
19,Barding: Plate,"Barding is armor designed to protect an animals head, neck, chest, and body. Any type of armor shown on the Armor table can be purchased as barding. The cost is four times the equivalent armor made for humanoids, and it weighs twice as much.",Mounts and Vehicles,,6000 gp,130.0,None,None,None,None,None,None,None,None,None,None,None,None,None,"Tack, Harness, and Drawn Vehicles"
20,Barding: Ring mail,"Barding is armor designed to protect an animals head, neck, chest, and body. Any type of armor shown on the Armor table can be purchased as barding. The cost is four times the equivalent armor made for humanoids, and it weighs twice as much.",Mounts and Vehicles,,12 gp,80.0,None,None,None,None,None,None,None,None,None,None,None,None,None,"Tack, Harness, and Drawn Vehicles"
21,Barding: Scale mail,"Barding is armor designed to protect an animals head, neck, chest, and body. Any type of armor shown on the Armor table can be purchased as barding. The cost is four times the equivalent armor made for humanoids, and it weighs twice as much.",Mounts and Vehicles,,200 gp,90.0,None,None,None,None,None,None,None,None,None,None,None,None,None,"Tack, Harness, and Drawn Vehicles"
22,Barding: Splint,"Barding is armor designed to protect an animals head, neck, chest, and body. Any type of armor shown on the Armor table can be purchased as barding. The cost is four times the equivalent armor made for humanoids, and it weighs twice as much.",Mounts and Vehicles,,800 gp,120.0,None,None,None,None,None,None,None,None,None,None,None,None,None,"Tack, Harness, and Drawn Vehicles"
23,Barding: Studded Leather,"Barding is armor designed to protect an animals head, neck, chest, and body. Any type of armor shown on the Armor table can be purchased as barding. The cost is four times the equivalent armor made for humanoids, and it weighs twice as much.",Mounts and Vehicles,,180 gp,26.0,None,None,None,None,None,None,None,None,None,None,None,None,None,"Tack, Harness, and Drawn Vehicles"
24,Barrel,None,Adventuring Gear,Standard Gear,2 gp,70.0,None,None,None,None,None,None,None,None,None,None,None,None,None,None
25,Basket,None,Adventuring Gear,Standard Gear,4 sp,2.0,None,None,None,None,None,None,None,None,None,None,None,None,None,None
26,Battleaxe,None,Weapon,,10 gp,4.0,None,Range: 5; Long: None,None,Versatile,1d8,Slashing,Martial Melee,None,Martial,Melee,None,None,None,None
27,Bedroll,None,Adventuring Gear,Standard Gear,1 gp,7.0,None,None,None,None,None,None,None,None,None,None,None,None,None,None
28,Bell,None,Adventuring Gear,Standard Gear,1 gp,0.0,None,None,None,None,None,None,None,None,None,None,None,None,None,None
29,Bit and bridle,None,Mounts and Vehicles,,2 gp,1.0,None,None,None,None,None,None,None,None,None,None,None,None,None,"Tack, Harness, and Drawn Vehicles"
30,Blanket,None,Adventuring Gear,Standard Gear,5 sp,3.0,None,None,None,None,None,None,None,None,None,None,None,None,None,None
31,Block and tackle,"A set of pulleys with a cable threaded through them and a hook to attach to objects, a block and tackle allows you to hoist up to four times the weight you can normally lift.",Adventuring Gear,Standard Gear,1 gp,5.0,None,None,None,None,None,None,None,None,None,None,None,None,None,None
32,Blowgun,None,Weapon,,10 gp,1.0,None,Range: 25; Long: 100,None,"Ammunition, Loading",1d1,Piercing,Martial Ranged,None,Martial,Ranged,None,None,None,None
33,Blowgun needle,None,Adventuring Gear,Ammunition,1 gp,1.0,None,None,None,None,None,None,None,None,None,None,None,None,None,None
34,Book,"A book might contain poetry, historical accounts, information pertaining to a particular field of lore, diagrams and notes on gnomish contraptions, or just about anything else that can be represented using text or pictures. A book of spells is a spellbook (described later in this section).",Adventuring Gear,Standard Gear,25 gp,5.0,None,None,None,None,None,None,None,None,None,None,None,None,None,None
35,"Bottle, glass",None,Adventuring Gear,Standard Gear,2 gp,2.0,None,None,None,None,None,None,None,None,None,None,None,None,None,None
36,Breastplate,None,Armor,,400 gp,20.0,None,None,None,None,None,None,None,None,None,None,Medium,Base: 14; Max bonus: 2,None,None
37,Brewer's supplies,"These special tools include the items needed to pursue a craft or trade. The table shows examples of the most common types of tools, each providing items related to a single craft. Proficiency with a set of artisans tools lets you add your proficiency bonus to any ability checks you make using the tools in your craft. Each type of artisans tools requires a separate proficiency.",Tools,,20 gp,9.0,None,None,None,None,None,None,None,None,None,None,None,None,Artisan's Tools,None
38,Bucket,None,Adventuring Gear,Standard Gear,5 cp,2.0,None,None,None,None,None,None,None,None,None,None,None,None,None,None
39,Burglar's Pack,None,Adventuring Gear,Equipment Pack,16 gp,,None,None,None,None,None,None,None,None,None,None,None,None,None,None
40,Calligrapher's supplies,"These special tools include the items needed to pursue a craft or trade. The table shows examples of the most common types of tools, each providing items related to a single craft. Proficiency with a set of artisans tools lets you add your proficiency bonus to any ability checks you make using the tools in your craft. Each type of artisans tools requires a separate proficiency.",Tools,,10 gp,5.0,None,None,None,None,None,None,None,None,None,None,None,None,Artisan's Tools,None
41,Caltrops,"As an action, you can spread a bag of caltrops to cover a square area that is 5 feet on a side., Any creature that enters the area must succeed on a DC 15 Dexterity saving throw or stop moving this turn and take 1 piercing damage., Taking this damage reduces the creatures walking speed by 10 feet until the creature regains at least 1 hit point., A creature moving through the area at half speed doesnt need to make the save.",Adventuring Gear,Standard Gear,5 cp,2.0,None,None,None,None,None,None,None,None,None,None,None,None,None,None
42,Camel,None,Mounts and Vehicles,,50 gp,,50 ft/round,None,480 lb.,None,None,None,None,None,None,None,None,None,None,Mounts and Other Animals
43,Candle,"For 1 hour, a candle sheds bright light in a 5-foot radius and dim light for an additional 5 feet.",Adventuring Gear,Standard Gear,1 cp,0.0,None,None,None,None,None,None,None,None,None,None,None,None,None,None
44,Carpenter's tools,"These special tools include the items needed to pursue a craft or trade. The table shows examples of the most common types of tools, each providing items related to a single craft. Proficiency with a set of artisans tools lets you add your proficiency bonus to any ability checks you make using the tools in your craft. Each type of artisans tools requires a separate proficiency.",Tools,,8 gp,6.0,None,None,None,None,None,None,None,None,None,None,None,None,Artisan's Tools,None
45,Carriage,None,Mounts and Vehicles,,100 gp,600.0,None,None,None,None,None,None,None,None,None,None,None,None,None,"Tack, Harness, and Drawn Vehicles"
46,Cart,None,Mounts and Vehicles,,15 gp,200.0,None,None,None,None,None,None,None,None,None,None,None,None,None,"Tack, Harness, and Drawn Vehicles"
47,Cartographer's tools,"These special tools include the items needed to pursue a craft or trade. The table shows examples of the most common types of tools, each providing items related to a single craft. Proficiency with a set of artisans tools lets you add your proficiency bonus to any ability checks you make using the tools in your craft. Each type of artisans tools requires a separate proficiency.",Tools,,15 gp,6.0,None,None,None,None,None,None,None,None,None,None,None,None,Artisan's Tools,None
48,"Case, crossbow bolt",This wooden case can hold up to twenty crossbow bolts.,Adventuring Gear,Standard Gear,1 gp,1.0,None,None,None,None,None,None,None,None,None,None,None,None,None,None
49,"Case, map or scroll",This cylindrical leather case can hold up to ten rolled-up sheets of paper or five rolled-up sheets of parchment.,Adventuring Gear,Standard Gear,1 gp,1.0,None,None,None,None,None,None,None,None,None,None,None,None,None,None
50,Chain (10 feet),A chain has 10 hit points. It can be burst with a successful DC 20 Strength check.,Adventuring Gear,Standard Gear,5 gp,10.0,None,None,None,None,None,None,None,None,None,None,None,None,None,None
51,Chain Mail,None,Armor,,75 gp,55.0,None,None,None,None,None,None,None,None,None,None,Heavy,Base: 16; Max bonus: None,None,None
52,Chain Shirt,None,Armor,,50 gp,20.0,None,None,None,None,None,None,None,None,None,None,Medium,Base: 13; Max bonus: 2,None,None
53,Chalk (1 piece),None,Adventuring Gear,Standard Gear,1 cp,0.0,None,None,None,None,None,None,None,None,None,None,None,None,None,None
54,Chariot,None,Mounts and Vehicles,,250 gp,100.0,None,None,None,None,None,None,None,None,None,None,None,None,None,"Tack, Harness, and Drawn Vehicles"
55,Chest,None,Adventuring Gear,Standard Gear,5 gp,25.0,None,None,None,None,None,None,None,None,None,None,None,None,None,None
56,Climber's Kit,"A climbers kit includes special pitons, boot tips, gloves, and a harness. You can use the climbers kit as an action to anchor yourself; when you do, you cant fall more than 25 feet from the point where you anchored yourself, and you cant climb more than 25 feet away from that point without undoing the anchor.",Adventuring Gear,Kit,25 gp,12.0,None,None,None,None,None,None,None,None,None,None,None,None,None,None
57,"Clothes, common",None,Adventuring Gear,Standard Gear,5 sp,3.0,None,None,None,None,None,None,None,None,None,None,None,None,None,None
58,"Clothes, costume",None,Adventuring Gear,Standard Gear,5 gp,4.0,None,None,None,None,None,None,None,None,None,None,None,None,None,None
59,"Clothes, fine",None,Adventuring Gear,Standard Gear,15 gp,6.0,None,None,None,None,None,None,None,None,None,None,None,None,None,None
60,"Clothes, traveler's",None,Adventuring Gear,Standard Gear,2 gp,4.0,None,None,None,None,None,None,None,None,None,None,None,None,None,None
61,Club,None,Weapon,,1 sp,2.0,None,Range: 5; Long: None,None,"Light, Monk",1d4,Bludgeoning,Simple Melee,None,Simple,Melee,None,None,None,None
62,Cobbler's tools,"These special tools include the items needed to pursue a craft or trade. The table shows examples of the most common types of tools, each providing items related to a single craft. Proficiency with a set of artisans tools lets you add your proficiency bonus to any ability checks you make using the tools in your craft. Each type of artisans tools requires a separate proficiency.",Tools,,5 gp,5.0,None,None,None,None,None,None,None,None,None,None,None,None,Artisan's Tools,None
63,Component pouch," A component pouch is a small, watertight leather belt pouch that has compartments to hold all the material components and other special items you need to cast your spells, except for those components that have a specific cost (as indicated in a spells description).",Adventuring Gear,Standard Gear,25 gp,2.0,None,None,None,None,None,None,None,None,None,None,None,None,None,None
64,Cook's utensils,"These special tools include the items needed to pursue a craft or trade. The table shows examples of the most common types of tools, each providing items related to a single craft. Proficiency with a set of artisans tools lets you add your proficiency bonus to any ability checks you make using the tools in your craft. Each type of artisans tools requires a separate proficiency.",Tools,,1 gp,8.0,None,None,None,None,None,None,None,None,None,None,None,None,Artisan's Tools,None
65,Crossbow bolt,None,Adventuring Gear,Ammunition,1 gp,1.5,None,None,None,None,None,None,None,None,None,None,None,None,None,None
66,"Crossbow, hand",None,Weapon,,75 gp,3.0,None,Range: 30; Long: 120,None,"Ammunition, Light, Loading",1d6,Piercing,Martial Ranged,None,Martial,Ranged,None,None,None,None
67,"Crossbow, heavy",None,Weapon,,50 gp,18.0,None,Range: 100; Long: 400,None,"Ammunition, Light, Loading, Two-Handed",1d10,Piercing,Martial Ranged,None,Martial,Ranged,None,None,None,None
68,"Crossbow, light",None,Weapon,,25 gp,5.0,None,Range: 80; Long: 320,None,"Ammunition, Loading, Two-Handed",1d8,Piercing,Simple Ranged,None,Simple,Ranged,None,None,None,None
69,Crowbar,Using a crowbar grants advantage to Strength checks where the crowbars leverage can be applied.,Adventuring Gear,Standard Gear,2 gp,5.0,None,None,None,None,None,None,None,None,None,None,None,None,None,None
70,Crystal,"An arcane focus is a special item--an orb, a crystal, a rod, a specially constructed staff, a wand-like length of wood, or some similar item--designed to channel the power of arcane spells. A sorcerer, warlock, or wizard can use such an item as a spellcasting focus.",Adventuring Gear,Arcane focus,10 gp,1.0,None,None,None,None,None,None,None,None,None,None,None,None,None,None
71,Dagger,None,Weapon,,2 gp,1.0,None,Range: 5; Long: None,None,"Finesse, Light, Thrown, Monk",1d4,Piercing,Simple Melee,Range: 20; Long: 60,Simple,Melee,None,None,None,None
72,Dart,None,Weapon,,5 cp,0.25,None,Range: 20; Long: 60,None,"Finesse, Thrown",1d4,Piercing,Simple Ranged,Range: 20; Long: 60,Simple,Ranged,None,None,None,None
73,Dice set,"This item encompasses a wide range of game pieces, including dice and decks of cards (for games such as Three-Dragon Ante). A few common examples appear on the Tools table, but other kinds of gaming sets exist. If you are proficient with a gaming set, you can add your proficiency bonus to ability checks you make to play a game with that set. Each type of gaming set requires a separate proficiency.",Tools,,1 sp,0.0,None,None,None,None,None,None,None,None,None,None,None,None,Gaming Sets,None
74,Diplomat's Pack,None,Adventuring Gear,Equipment Pack,39 gp,,None,None,None,None,None,None,None,None,None,None,None,None,None,None
75,Disguise Kit,"This pouch of cosmetics, hair dye, and small props lets you create disguises that change your physical appearance. Proficiency with this kit lets you add your proficiency bonus to any ability checks you make to create a visual disguise.",Adventuring Gear,Kit,25 gp,3.0,None,None,None,None,None,None,None,None,None,None,None,None,None,None
76,Donkey,None,Mounts and Vehicles,,8 gp,,40 ft/round,None,420 lb.,None,None,None,None,None,None,None,None,None,None,Mounts and Other Animals
77,Drum,"Several of the most common types of musical instruments are shown on the table as examples. If you have proficiency with a given musical instrument, you can add your proficiency bonus to any ability checks you make to play music with the instrument. A bard can use a musical instrument as a spellcasting focus. Each type of musical instrument requires a separate proficiency.",Tools,,6 gp,3.0,None,None,None,None,None,None,None,None,None,None,None,None,Musical Instrument,None
78,Dulcimer,"Several of the most common types of musical instruments are shown on the table as examples. If you have proficiency with a given musical instrument, you can add your proficiency bonus to any ability checks you make to play music with the instrument. A bard can use a musical instrument as a spellcasting focus. Each type of musical instrument requires a separate proficiency.",Tools,,25 gp,10.0,None,None,None,None,None,None,None,None,None,None,None,None,Musical Instrument,None
79,Dungeoneer's Pack,None,Adventuring Gear,Equipment Pack,12 gp,,None,None,None,None,None,None,None,None,None,None,None,None,None,None
80,Elephant,None,Mounts and Vehicles,,200 gp,,40 ft/round,None,"1,320 lb.",None,None,None,None,None,None,None,None,None,None,Mounts and Other Animals
81,Emblem,"A holy symbol is a representation of a god or pantheon. It might be an amulet depicting a symbol representing a deity, the same symbol carefully engraved or inlaid as an emblem on a shield, or a tiny box holding a fragment of a sacred relic., Appendix B lists the symbols commonly associated with many gods in the multiverse. A cleric or paladin can use a holy symbol as a spellcasting focus. To use the symbol in this way, the caster must hold it in hand, wear it visibly, or bear it on a shield.",Adventuring Gear,Holy Symbol,5 gp,0.0,None,None,None,None,None,None,None,None,None,None,None,None,None,None
82,Entertainer's Pack,None,Adventuring Gear,Equipment Pack,40 gp,,None,None,None,None,None,None,None,None,None,None,None,None,None,None
83,Explorer's Pack,None,Adventuring Gear,Equipment Pack,10 gp,,None,None,None,None,None,None,None,None,None,None,None,None,None,None
84,Fishing tackle,"This kit includes a wooden rod, silken line, corkwood bobbers, steel hooks, lead sinkers, velvet lures, and narrow netting.",Adventuring Gear,Standard Gear,1 gp,4.0,None,None,None,None,None,None,None,None,None,None,None,None,None,None
85,Flail,None,Weapon,,10 gp,2.0,None,Range: 5; Long: None,None,None,1d8,Bludgeoning,Martial Melee,None,Martial,Melee,None,None,None,None
86,Flask or tankard,None,Adventuring Gear,Standard Gear,2 cp,1.0,None,None,None,None,None,None,None,None,None,None,None,None,None,None
87,Flute,"Several of the most common types of musical instruments are shown on the table as examples. If you have proficiency with a given musical instrument, you can add your proficiency bonus to any ability checks you make to play music with the instrument. A bard can use a musical instrument as a spellcasting focus. Each type of musical instrument requires a separate proficiency.",Tools,,2 gp,1.0,None,None,None,None,None,None,None,None,None,None,None,None,Musical Instrument,None
88,Forgery Kit,"This small box contains a variety of papers and parchments, pens and inks, seals and sealing wax, gold and silver leaf, and other supplies necessary to create convincing forgeries of physical documents. Proficiency with this kit lets you add your proficiency bonus to any ability checks you make to create a physical forgery of a document.",Adventuring Gear,Kit,15 gp,5.0,None,None,None,None,None,None,None,None,None,None,None,None,None,None
89,Galley,None,Mounts and Vehicles,,30000 gp,,4 mph,None,None,None,None,None,None,None,None,None,None,None,None,Waterborne Vehicles
90,Glaive,None,Weapon,,20 gp,6.0,None,Range: 5; Long: None,None,"Heavy, Reach, Two-Handed",1d10,Slashing,Martial Melee,None,Martial,Melee,None,None,None,None
91,Glassblower's tools,"These special tools include the items needed to pursue a craft or trade. The table shows examples of the most common types of tools, each providing items related to a single craft. Proficiency with a set of artisans tools lets you add your proficiency bonus to any ability checks you make using the tools in your craft. Each type of artisans tools requires a separate proficiency.",Tools,,30 gp,5.0,None,None,None,None,None,None,None,None,None,None,None,None,Artisan's Tools,None
92,Grappling hook,None,Adventuring Gear,Standard Gear,2 gp,4.0,None,None,None,None,None,None,None,None,None,None,None,None,None,None
93,Greataxe,None,Weapon,,30 gp,7.0,None,Range: 5; Long: None,None,"Heavy, Two-Handed",1d12,Slashing,Martial Melee,None,Martial,Melee,None,None,None,None
94,Greatclub,None,Weapon,,2 sp,10.0,None,Range: 5; Long: None,None,Two-Handed,1d8,Bludgeoning,Simple Melee,None,Simple,Melee,None,None,None,None
95,Greatsword,None,Weapon,,50 gp,6.0,None,Range: 5; Long: None,None,"Heavy, Two-Handed",2d6,Slashing,Martial Melee,None,Martial,Melee,None,None,None,None
96,Halberd,None,Weapon,,20 gp,6.0,None,Range: 5; Long: None,None,"Heavy, Reach, Two-Handed",1d10,Slashing,Martial Melee,None,Martial,Melee,None,None,None,None
97,Half Plate,None,Armor,,750 gp,40.0,None,None,None,None,None,None,None,None,None,None,Medium,Base: 15; Max bonus: 2,None,None
98,Hammer,None,Adventuring Gear,Standard Gear,1 gp,3.0,None,None,None,None,None,None,None,None,None,None,None,None,None,None
99,"Hammer, sledge",None,Adventuring Gear,Standard Gear,2 gp,10.0,None,None,None,None,None,None,None,None,None,None,None,None,None,None
100,Handaxe,None,Weapon,,5 gp,2.0,None,Range: 5; Long: None,None,"Light, Thrown, Monk",1d6,Slashing,Simple Melee,Range: 20; Long: 60,Simple,Melee,None,None,None,None
101,Healer's Kit,"This kit is a leather pouch containing bandages, salves, and splints. The kit has ten uses. As an action, you can expend one use of the kit to stabilize a creature that has 0 hit points, without needing to make a Wisdom (Medicine) check.",Adventuring Gear,Kit,5 gp,3.0,None,None,None,None,None,None,None,None,None,None,None,None,None,None
102,Herbalism Kit,"This kit contains a variety of instruments such as clippers, mortar and pestle, and pouches and vials used by herbalists to create remedies and potions. Proficiency with this kit lets you add your proficiency bonus to any ability checks you make to identify or apply herbs. Also, proficiency with this kit is required to create antitoxin and potions of healing.",Adventuring Gear,Kit,5 gp,3.0,None,None,None,None,None,None,None,None,None,None,None,None,None,None
103,Hide,None,Armor,,10 gp,12.0,None,None,None,None,None,None,None,None,None,None,Medium,Base: 12; Max bonus: 2,None,None
104,Holy water (flask),"As an action, you can splash the contents of this flask onto a creature within 5 feet of you or throw it up to 20 feet, shattering it on impact. In either case, make a ranged attack against a target creature, treating the holy water as an improvised weapon., If the target is a fiend or undead, it takes 2d6 radiant damage., A cleric or paladin may create holy water by performing a special ritual., The ritual takes 1 hour to perform, uses 25 gp worth of powdered silver, and requires the caster to expend a 1st-level spell slot.",Adventuring Gear,Standard Gear,25 gp,1.0,None,None,None,None,None,None,None,None,None,None,None,None,None,None
105,Horn,"Several of the most common types of musical instruments are shown on the table as examples. If you have proficiency with a given musical instrument, you can add your proficiency bonus to any ability checks you make to play music with the instrument. A bard can use a musical instrument as a spellcasting focus. Each type of musical instrument requires a separate proficiency.",Tools,,3 gp,2.0,None,None,None,None,None,None,None,None,None,None,None,None,Musical Instrument,None
106,"Horse, draft",None,Mounts and Vehicles,,50 gp,,40 ft/round,None,540 lb.,None,None,None,None,None,None,None,None,None,None,Mounts and Other Animals
107,"Horse, riding",None,Mounts and Vehicles,,75 gp,,60 ft/round,None,480 lb.,None,None,None,None,None,None,None,None,None,None,Mounts and Other Animals
108,Hourglass,None,Adventuring Gear,Standard Gear,25 gp,1.0,None,None,None,None,None,None,None,None,None,None,None,None,None,None
109,Hunting trap,"When you use your action to set it, this trap forms a saw-toothed steel ring that snaps shut when a creature steps on a pressure plate in the center. The trap is affixed by a heavy chain to an immobile object, such as a tree or a spike driven into the ground., A creature that steps on the plate must succeed on a DC 13 Dexterity saving throw or take 1d4 piercing damage and stop moving. Thereafter, until the creature breaks free of the trap, its movement is limited by the length of the chain (typically 3 feet long)., A creature can use its action to make a DC 13 Strength check, freeing itself or another creature within its reach on a success. Each failed check deals 1 piercing damage to the trapped creature.",Adventuring Gear,Standard Gear,5 gp,25.0,None,None,None,None,None,None,None,None,None,None,None,None,None,None
110,Ink (1 ounce bottle),None,Adventuring Gear,Standard Gear,10 gp,0.0,None,None,None,None,None,None,None,None,None,None,None,None,None,None
111,Ink pen,None,Adventuring Gear,Standard Gear,2 cp,0.0,None,None,None,None,None,None,None,None,None,None,None,None,None,None
112,Javelin,None,Weapon,,5 sp,2.0,None,Range: 5; Long: None,None,"Thrown, Monk",1d6,Piercing,Simple Melee,Range: 30; Long: 120,Simple,Melee,None,None,None,None
113,Jeweler's tools,"These special tools include the items needed to pursue a craft or trade. The table shows examples of the most common types of tools, each providing items related to a single craft. Proficiency with a set of artisans tools lets you add your proficiency bonus to any ability checks you make using the tools in your craft. Each type of artisans tools requires a separate proficiency.",Tools,,25 gp,2.0,None,None,None,None,None,None,None,None,None,None,None,None,Artisan's Tools,None
114,Jug or pitcher,None,Adventuring Gear,Standard Gear,2 cp,4.0,None,None,None,None,None,None,None,None,None,None,None,None,None,None
115,Keelboat,"Keelboats and rowboats are used on lakes and rivers. If going downstream, add the speed of the current (typically 3 miles per hour) to the speed of the vehicle. These vehicles cant be rowed against any significant current, but they can be pulled upstream by draft animals on the shores. A rowboat weighs 100 pounds, in case adventurers carry it over land.",Mounts and Vehicles,,3000 gp,,1 mph,None,None,None,None,None,None,None,None,None,None,None,None,Waterborne Vehicles
116,Ladder (10-foot),None,Adventuring Gear,Standard Gear,1 sp,25.0,None,None,None,None,None,None,None,None,None,None,None,None,None,None
117,Lamp,"A lamp casts bright light in a 15-foot radius and dim light for an additional 30 feet. Once lit, it burns for 6 hours on a flask (1 pint) of oil.",Adventuring Gear,Standard Gear,5 sp,1.0,None,None,None,None,None,None,None,None,None,None,None,None,None,None
118,Lance,None,Weapon,,10 gp,6.0,None,Range: 5; Long: None,None,"Reach, Special",1d12,Piercing,Martial Melee,None,Martial,Melee,None,None,None,None
119,"Lantern, bullseye","A bullseye lantern casts bright light in a 60-foot cone and dim light for an additional 60 feet. Once lit, it burns for 6 hours on a flask (1 pint) of oil.",Adventuring Gear,Standard Gear,10 gp,2.0,None,None,None,None,None,None,None,None,None,None,None,None,None,None
120,"Lantern, hooded","A hooded lantern casts bright light in a 30-foot radius and dim light for an additional 30 feet. Once lit, it burns for 6 hours on a flask (1 pint) of oil. As an action, you can lower the hood, reducing the light to dim light in a 5-foot radius.",Adventuring Gear,Standard Gear,5 gp,2.0,None,None,None,None,None,None,None,None,None,None,None,None,None,None
121,Leather,None,Armor,,10 gp,10.0,None,None,None,None,None,None,None,None,None,None,Light,Base: 11; Max bonus: None,None,None
122,Leatherworker's tools,"These special tools include the items needed to pursue a craft or trade. The table shows examples of the most common types of tools, each providing items related to a single craft. Proficiency with a set of artisans tools lets you add your proficiency bonus to any ability checks you make using the tools in your craft. Each type of artisans tools requires a separate proficiency.",Tools,,5 gp,5.0,None,None,None,None,None,None,None,None,None,None,None,None,Artisan's Tools,None
123,Light hammer,None,Weapon,,2 gp,2.0,None,Range: 5; Long: None,None,"Light, Thrown, Monk",1d4,Bludgeoning,Simple Melee,Range: 20; Long: 60,Simple,Melee,None,None,None,None
124,Lock,"A key is provided with the lock. Without the key, a creature proficient with thieves tools can pick this lock with a successful DC 15 Dexterity check. Your GM may decide that better locks are available for higher prices.",Adventuring Gear,Standard Gear,10 gp,1.0,None,None,None,None,None,None,None,None,None,None,None,None,None,None
125,Longbow,None,Weapon,,50 gp,2.0,None,Range: 150; Long: 600,None,"Ammunition, Heavy, Two-Handed",1d8,Piercing,Martial Ranged,None,Martial,Ranged,None,None,None,None
126,Longship,None,Mounts and Vehicles,,10000 gp,,3 mph,None,None,None,None,None,None,None,None,None,None,None,None,Waterborne Vehicles
127,Longsword,None,Weapon,,15 gp,3.0,None,Range: 5; Long: None,None,Versatile,1d8,Slashing,Martial Melee,None,Martial,Melee,None,None,None,None
128,Lute,"Several of the most common types of musical instruments are shown on the table as examples. If you have proficiency with a given musical instrument, you can add your proficiency bonus to any ability checks you make to play music with the instrument. A bard can use a musical instrument as a spellcasting focus. Each type of musical instrument requires a separate proficiency.",Tools,,35 gp,2.0,None,None,None,None,None,None,None,None,None,None,None,None,Musical Instrument,None
129,Lyre,"Several of the most common types of musical instruments are shown on the table as examples. If you have proficiency with a given musical instrument, you can add your proficiency bonus to any ability checks you make to play music with the instrument. A bard can use a musical instrument as a spellcasting focus. Each type of musical instrument requires a separate proficiency.",Tools,,30 gp,2.0,None,None,None,None,None,None,None,None,None,None,None,None,Musical Instrument,None
130,Mace,None,Weapon,,5 gp,4.0,None,Range: 5; Long: None,None,Monk,1d6,Bludgeoning,Simple Melee,None,Simple,Melee,None,None,None,None
131,Magnifying glass,"This lens allows a closer look at small objects. It is also useful as a substitute for flint and steel when starting fires. Lighting a fire with a magnifying glass requires light as bright as sunlight to focus, tinder to ignite, and about 5 minutes for the fire to ignite., A magnifying glass grants advantage on any ability check made to appraise or inspect an item that is small or highly detailed.",Adventuring Gear,Standard Gear,100 gp,0.0,None,None,None,None,None,None,None,None,None,None,None,None,None,None
132,Manacles,"These metal restraints can bind a Small or Medium creature. Escaping the manacles requires a successful DC 20 Dexterity check. Breaking them requires a successful DC 20 Strength check., Each set of manacles comes with one key. Without the key, a creature proficient with thieves tools can pick the manacles lock with a successful DC 15 Dexterity check. Manacles have 15 hit points.",Adventuring Gear,Standard Gear,2 gp,6.0,None,None,None,None,None,None,None,None,None,None,None,None,None,None
133,Mason's tools,"These special tools include the items needed to pursue a craft or trade. The table shows examples of the most common types of tools, each providing items related to a single craft. Proficiency with a set of artisans tools lets you add your proficiency bonus to any ability checks you make using the tools in your craft. Each type of artisans tools requires a separate proficiency.",Tools,,10 gp,8.0,None,None,None,None,None,None,None,None,None,None,None,None,Artisan's Tools,None
134,Mastiff,None,Mounts and Vehicles,,25 gp,,40 ft/round,None,195 lb.,None,None,None,None,None,None,None,None,None,None,Mounts and Other Animals
135,Maul,None,Weapon,,10 gp,10.0,None,Range: 5; Long: None,None,"Heavy, Two-Handed",2d6,Bludgeoning,Martial Melee,None,Martial,Melee,None,None,None,None
136,Mess Kit,"This tin box contains a cup and simple cutlery. The box clamps together, and one side can be used as a cooking pan and the other as a plate or shallow bowl.",Adventuring Gear,Kit,2 sp,1.0,None,None,None,None,None,None,None,None,None,None,None,None,None,None
137,"Mirror, steel",None,Adventuring Gear,Standard Gear,5 gp,0.5,None,None,None,None,None,None,None,None,None,None,None,None,None,None
138,Morningstar,None,Weapon,,15 gp,4.0,None,Range: 5; Long: None,None,None,1d8,Piercing,Martial Melee,None,Martial,Melee,None,None,None,None
139,Mule,None,Mounts and Vehicles,,8 gp,,40 ft/round,None,420 lb.,None,None,None,None,None,None,None,None,None,None,Mounts and Other Animals
140,Navigator's tools,"This set of instruments is used for navigation at sea. Proficiency with navigators tools lets you chart a ships course and follow navigation charts. In addition, these tools allow you to add your proficiency bonus to any ability check you make to avoid getting lost at sea.",Tools,,25 gp,2.0,None,None,None,None,None,None,None,None,None,None,None,None,Other Tools,None
141,Net,None,Weapon,,1 gp,3.0,None,Range: 5; Long: 15,None,"Thrown, Special",None,None,Martial Ranged,Range: 5; Long: 15,Martial,Ranged,None,None,None,None
142,Oil (flask),"Oil usually comes in a clay flask that holds 1 pint., As an action, you can splash the oil in this flask onto a creature within 5 feet of you or throw it up to 20 feet, shattering it on impact. Make a ranged attack against a target creature or object, treating the oil as an improvised weapon., On a hit, the target is covered in oil. If the target takes any fire damage before the oil dries (after 1 minute), the target takes an additional 5 fire damage from the burning oil., You can also pour a flask of oil on the ground to cover a 5-foot-square area, provided that the surface is level., If lit, the oil burns for 2 rounds and deals 5 fire damage to any creature that enters the area or ends its turn in the area. A creature can take this damage only once per turn.",Adventuring Gear,Standard Gear,1 sp,1.0,None,None,None,None,None,None,None,None,None,None,None,None,None,None
143,Orb,"An arcane focus is a special item--an orb, a crystal, a rod, a specially constructed staff, a wand-like length of wood, or some similar item--designed to channel the power of arcane spells. A sorcerer, warlock, or wizard can use such an item as a spellcasting focus.",Adventuring Gear,Arcane focus,20 gp,3.0,None,None,None,None,None,None,None,None,None,None,None,None,None,None
144,Padded,None,Armor,,5 gp,8.0,None,None,None,None,None,None,None,None,None,None,Light,Base: 11; Max bonus: None,None,None
145,Painter's supplies,"These special tools include the items needed to pursue a craft or trade. The table shows examples of the most common types of tools, each providing items related to a single craft. Proficiency with a set of artisans tools lets you add your proficiency bonus to any ability checks you make using the tools in your craft. Each type of artisans tools requires a separate proficiency.",Tools,,10 gp,5.0,None,None,None,None,None,None,None,None,None,None,None,None,Artisan's Tools,None
146,Pan flute,"Several of the most common types of musical instruments are shown on the table as examples. If you have proficiency with a given musical instrument, you can add your proficiency bonus to any ability checks you make to play music with the instrument. A bard can use a musical instrument as a spellcasting focus. Each type of musical instrument requires a separate proficiency.",Tools,,12 gp,2.0,None,None,None,None,None,None,None,None,None,None,None,None,Musical Instrument,None
147,Paper (one sheet),None,Adventuring Gear,Standard Gear,2 sp,0.0,None,None,None,None,None,None,None,None,None,None,None,None,None,None
148,Parchment (one sheet),None,Adventuring Gear,Standard Gear,1 sp,0.0,None,None,None,None,None,None,None,None,None,None,None,None,None,None
149,Perfume (vial),None,Adventuring Gear,Standard Gear,5 gp,0.0,None,None,None,None,None,None,None,None,None,None,None,None,None,None
150,"Pick, miner's",None,Adventuring Gear,Standard Gear,2 gp,10.0,None,None,None,None,None,None,None,None,None,None,None,None,None,None
151,Pike,None,Weapon,,5 gp,18.0,None,Range: 5; Long: None,None,"Heavy, Reach, Two-Handed",1d10,Piercing,Martial Melee,None,Martial,Melee,None,None,None,None
152,Piton,None,Adventuring Gear,Standard Gear,5 cp,0.25,None,None,None,None,None,None,None,None,None,None,None,None,None,None
153,Plate,None,Armor,,1500 gp,65.0,None,None,None,None,None,None,None,None,None,None,Heavy,Base: 18; Max bonus: None,None,None
154,Playing card set,"This item encompasses a wide range of game pieces, including dice and decks of cards (for games such as Three-Dragon Ante). A few common examples appear on the Tools table, but other kinds of gaming sets exist. If you are proficient with a gaming set, you can add your proficiency bonus to ability checks you make to play a game with that set. Each type of gaming set requires a separate proficiency.",Tools,,5 sp,0.0,None,None,None,None,None,None,None,None,None,None,None,None,Gaming Sets,None
155,"Poison, basic (vial)","You can use the poison in this vial to coat one slashing or piercing weapon or up to three pieces of ammunition. Applying the poison takes an action. A creature hit by the poisoned weapon or ammunition must make a DC 10 Constitution saving throw or take 1d4 poison damage. Once applied, the poison retains potency for 1 minute before drying.",Adventuring Gear,Standard Gear,100 gp,0.0,None,None,None,None,None,None,None,None,None,None,None,None,None,None
156,Poisoner's Kit,"A poisoners kit includes the vials, chemicals, and other equipment necessary for the creation of poisons. Proficiency with this kit lets you add your proficiency bonus to any ability checks you make to craft or use poisons.",Adventuring Gear,Kit,50 gp,2.0,None,None,None,None,None,None,None,None,None,None,None,None,None,None
157,Pole (10-foot),None,Adventuring Gear,Standard Gear,5 cp,7.0,None,None,None,None,None,None,None,None,None,None,None,None,None,None
158,Pony,None,Mounts and Vehicles,,30 gp,,40 ft/round,None,225 lb.,None,None,None,None,None,None,None,None,None,None,Mounts and Other Animals
159,"Pot, iron",None,Adventuring Gear,Standard Gear,2 gp,10.0,None,None,None,None,None,None,None,None,None,None,None,None,None,None
160,Potion of healing,A character who drinks the magical red fluid in this vial regains 2d4 + 2 hit points. Drinking or administering a potion takes an action.,Adventuring Gear,Standard Gear,50 gp,0.5,None,None,None,None,None,None,None,None,None,None,None,None,None,None
161,Potter's tools,"These special tools include the items needed to pursue a craft or trade. The table shows examples of the most common types of tools, each providing items related to a single craft. Proficiency with a set of artisans tools lets you add your proficiency bonus to any ability checks you make using the tools in your craft. Each type of artisans tools requires a separate proficiency.",Tools,,10 gp,3.0,None,None,None,None,None,None,None,None,None,None,None,None,Artisan's Tools,None
162,Pouch,"A cloth or leather pouch can hold up to 20 sling bullets or 50 blowgun needles, among other things. A compartmentalized pouch for holding spell components is called a component pouch (described earlier in this section).",Adventuring Gear,Standard Gear,5 sp,1.0,None,None,None,None,None,None,None,None,None,None,None,None,None,None
163,Priest's Pack,None,Adventuring Gear,Equipment Pack,19 gp,,None,None,None,None,None,None,None,None,None,None,None,None,None,None
164,Quarterstaff,None,Weapon,,2 sp,4.0,None,Range: 5; Long: None,None,"Versatile, Monk",1d6,Bludgeoning,Simple Melee,None,Simple,Melee,None,None,None,None
165,Quiver,A quiver can hold up to 20 arrows.,Adventuring Gear,Standard Gear,1 gp,1.0,None,None,None,None,None,None,None,None,None,None,None,None,None,None
166,"Ram, portable","You can use a portable ram to break down doors. When doing so, you gain a +4 bonus on the Strength check. One other character can help you use the ram, giving you advantage on this check.",Adventuring Gear,Standard Gear,4 gp,35.0,None,None,None,None,None,None,None,None,None,None,None,None,None,None
167,Rapier,None,Weapon,,25 gp,2.0,None,Range: 5; Long: None,None,Finesse,1d8,Piercing,Martial Melee,None,Martial,Melee,None,None,None,None
168,Rations (1 day),"Rations consist of dry foods suitable for extended travel, including jerky, dried fruit, hardtack, and nuts.",Adventuring Gear,Standard Gear,5 sp,2.0,None,None,None,None,None,None,None,None,None,None,None,None,None,None
169,Reliquary,"A holy symbol is a representation of a god or pantheon. It might be an amulet depicting a symbol representing a deity, the same symbol carefully engraved or inlaid as an emblem on a shield, or a tiny box holding a fragment of a sacred relic., Appendix B lists the symbols commonly associated with many gods in the multiverse. A cleric or paladin can use a holy symbol as a spellcasting focus. To use the symbol in this way, the caster must hold it in hand, wear it visibly, or bear it on a shield.",Adventuring Gear,Holy Symbol,5 gp,2.0,None,None,None,None,None,None,None,None,None,None,None,None,None,None
170,Riding,None,Mounts and Vehicles,,10 gp,25.0,None,None,None,None,None,None,None,None,None,None,None,None,None,"Tack, Harness, and Drawn Vehicles"
171,Ring Mail,None,Armor,,30 gp,40.0,None,None,None,None,None,None,None,None,None,None,Heavy,Base: 14; Max bonus: None,None,None
172,Robes,None,Adventuring Gear,Standard Gear,1 gp,4.0,None,None,None,None,None,None,None,None,None,None,None,None,None,None
173,Rod,"An arcane focus is a special item--an orb, a crystal, a rod, a specially constructed staff, a wand-like length of wood, or some similar item--designed to channel the power of arcane spells. A sorcerer, warlock, or wizard can use such an item as a spellcasting focus.",Adventuring Gear,Arcane focus,10 gp,2.0,None,None,None,None,None,None,None,None,None,None,None,None,None,None
174,"Rope, hempen (50 feet)","Rope, whether made of hemp or silk, has 2 hit points and can be burst with a DC 17 Strength check.",Adventuring Gear,Standard Gear,1 gp,10.0,None,None,None,None,None,None,None,None,None,None,None,None,None,None
175,"Rope, silk (50 feet)","Rope, whether made of hemp or silk, has 2 hit points and can be burst with a DC 17 Strength check.",Adventuring Gear,Standard Gear,10 gp,5.0,None,None,None,None,None,None,None,None,None,None,None,None,None,None
176,Rowboat,"Keelboats and rowboats are used on lakes and rivers. If going downstream, add the speed of the current (typically 3 miles per hour) to the speed of the vehicle. These vehicles cant be rowed against any significant current, but they can be pulled upstream by draft animals on the shores. A rowboat weighs 100 pounds, in case adventurers carry it over land.",Mounts and Vehicles,,50 gp,,1.5 mph,None,None,None,None,None,None,None,None,None,None,None,None,Waterborne Vehicles
177,Sack,None,Adventuring Gear,Standard Gear,1 cp,0.5,None,None,None,None,None,None,None,None,None,None,None,None,None,None
178,"Saddle, Exotic","A military saddle braces the rider, helping you keep your seat on an active mount in battle. It gives you advantage on any check you make to remain mounted. An exotic saddle is required for riding any aquatic or flying mount.",Mounts and Vehicles,,60 gp,50.0,None,None,None,None,None,None,None,None,None,None,None,None,None,"Tack, Harness, and Drawn Vehicles"
179,"Saddle, Military","A military saddle braces the rider, helping you keep your seat on an active mount in battle. It gives you advantage on any check you make to remain mounted. An exotic saddle is required for riding any aquatic or flying mount.",Mounts and Vehicles,,20 gp,30.0,None,None,None,None,None,None,None,None,None,None,None,None,None,"Tack, Harness, and Drawn Vehicles"
180,"Saddle, Pack","A military saddle braces the rider, helping you keep your seat on an active mount in battle. It gives you advantage on any check you make to remain mounted. An exotic saddle is required for riding any aquatic or flying mount.",Mounts and Vehicles,,5 gp,15.0,None,None,None,None,None,None,None,None,None,None,None,None,None,"Tack, Harness, and Drawn Vehicles"
181,Saddlebags,None,Mounts and Vehicles,,4 gp,8.0,None,None,None,None,None,None,None,None,None,None,None,None,None,"Tack, Harness, and Drawn Vehicles"
182,Sailing ship,None,Mounts and Vehicles,,10000 gp,,2 mph,None,None,None,None,None,None,None,None,None,None,None,None,Waterborne Vehicles
183,Scale Mail,None,Armor,,50 gp,45.0,None,None,None,None,None,None,None,None,None,None,Medium,Base: 14; Max bonus: 2,None,None
184,"Scale, merchant's","A scale includes a small balance, pans, and a suitable assortment of weights up to 2 pounds. With it, you can measure the exact weight of small objects, such as raw precious metals or trade goods, to help determine their worth.",Adventuring Gear,Standard Gear,5 gp,3.0,None,None,None,None,None,None,None,None,None,None,None,None,None,None
185,Scholar's Pack,None,Adventuring Gear,Equipment Pack,40 gp,,None,None,None,None,None,None,None,None,None,None,None,None,None,None
186,Scimitar,None,Weapon,,25 gp,3.0,None,Range: 5; Long: None,None,"Finesse, Light",1d6,Slashing,Martial Melee,None,Martial,Melee,None,None,None,None
187,Sealing wax,None,Adventuring Gear,Standard Gear,5 sp,0.0,None,None,None,None,None,None,None,None,None,None,None,None,None,None
188,Shawm,"Several of the most common types of musical instruments are shown on the table as examples. If you have proficiency with a given musical instrument, you can add your proficiency bonus to any ability checks you make to play music with the instrument. A bard can use a musical instrument as a spellcasting focus. Each type of musical instrument requires a separate proficiency.",Tools,,2 gp,1.0,None,None,None,None,None,None,None,None,None,None,None,None,Musical Instrument,None
189,Shield,None,Armor,,10 gp,6.0,None,None,None,None,None,None,None,None,None,None,Shield,Base: 2; Max bonus: None,None,None
190,Shortbow,None,Weapon,,25 gp,2.0,None,Range: 80; Long: 320,None,"Ammunition, Two-Handed",1d6,Piercing,Simple Ranged,None,Simple,Ranged,None,None,None,None
191,Shortsword,None,Weapon,,10 gp,2.0,None,Range: 5; Long: None,None,"Finesse, Light, Monk",1d6,Piercing,Martial Melee,None,Martial,Melee,None,None,None,None
192,Shovel,None,Adventuring Gear,Standard Gear,2 gp,5.0,None,None,None,None,None,None,None,None,None,None,None,None,None,None
193,Sickle,None,Weapon,,1 gp,2.0,None,Range: 5; Long: None,None,"Light, Monk",1d4,Slashing,Simple Melee,None,Simple,Melee,None,None,None,None
194,Signal whistle,None,Adventuring Gear,Standard Gear,5 cp,0.0,None,None,None,None,None,None,None,None,None,None,None,None,None,None
195,Signet ring,None,Adventuring Gear,Standard Gear,5 gp,0.0,None,None,None,None,None,None,None,None,None,None,None,None,None,None
196,Sled,None,Mounts and Vehicles,,20 gp,300.0,None,None,None,None,None,None,None,None,None,None,None,None,None,"Tack, Harness, and Drawn Vehicles"
197,Sling,None,Weapon,,1 sp,0.0,None,Range: 30; Long: 120,None,Ammunition,1d4,Bludgeoning,Simple Ranged,None,Simple,Ranged,None,None,None,None
198,Sling bullet,None,Adventuring Gear,Ammunition,4 cp,1.5,None,None,None,None,None,None,None,None,None,None,None,None,None,None
199,Smith's tools,"These special tools include the items needed to pursue a craft or trade. The table shows examples of the most common types of tools, each providing items related to a single craft. Proficiency with a set of artisans tools lets you add your proficiency bonus to any ability checks you make using the tools in your craft. Each type of artisans tools requires a separate proficiency.",Tools,,20 gp,8.0,None,None,None,None,None,None,None,None,None,None,None,None,Artisan's Tools,None
200,Soap,None,Adventuring Gear,Standard Gear,2 cp,0.0,None,None,None,None,None,None,None,None,None,None,None,None,None,None
201,Spear,None,Weapon,,1 gp,3.0,None,Range: 5; Long: None,None,"Thrown, Versatile, Monk",1d6,Piercing,Simple Melee,Range: 20; Long: 60,Simple,Melee,None,None,None,None
202,Spellbook,"Essential for wizards, a spellbook is a leather-bound tome with 100 blank vellum pages suitable for recording spells.",Adventuring Gear,Standard Gear,50 gp,3.0,None,None,None,None,None,None,None,None,None,None,None,None,None,None
203,"Spike, iron",None,Adventuring Gear,Standard Gear,1 sp,5.0,None,None,None,None,None,None,None,None,None,None,None,None,None,None
204,Splint,None,Armor,,200 gp,60.0,None,None,None,None,None,None,None,None,None,None,Heavy,Base: 17; Max bonus: None,None,None
205,Sprig of mistletoe,"A druidic focus might be a sprig of mistletoe or holly, a wand or scepter made of yew or another special wood, a staff drawn whole out of a living tree, or a totem object incorporating feathers, fur, bones, and teeth from sacred animals. A druid can use such an object as a spellcasting focus.",Adventuring Gear,Druidic focus,1 gp,0.0,None,None,None,None,None,None,None,None,None,None,None,None,None,None
206,Spyglass,Objects viewed through a spyglass are magnified to twice their size.,Adventuring Gear,Standard Gear,1000 gp,1.0,None,None,None,None,None,None,None,None,None,None,None,None,None,None
207,Stabling (1 day),None,Mounts and Vehicles,,5 sp,0.0,None,None,None,None,None,None,None,None,None,None,None,None,None,"Tack, Harness, and Drawn Vehicles"
208,Staff,"An arcane focus is a special item--an orb, a crystal, a rod, a specially constructed staff, a wand-like length of wood, or some similar item--designed to channel the power of arcane spells. A sorcerer, warlock, or wizard can use such an item as a spellcasting focus.",Adventuring Gear,Arcane focus,5 gp,4.0,None,None,None,None,None,None,None,None,None,None,None,None,None,None
209,Studded Leather,None,Armor,,45 gp,13.0,None,None,None,None,None,None,None,None,None,None,Light,Base: 12; Max bonus: None,None,None
210,"Tent, two-person","A simple and portable canvas shelter, a tent sleeps two.",Adventuring Gear,Standard Gear,2 gp,20.0,None,None,None,None,None,None,None,None,None,None,None,None,None,None
211,Thieves' tools,"This set of tools includes a small file, a set of lock picks, a small mirror mounted on a metal handle, a set of narrow-bladed scissors, and a pair of pliers. Proficiency with these tools lets you add your proficiency bonus to any ability checks you make to disarm traps or open locks.",Tools,,25 gp,1.0,None,None,None,None,None,None,None,None,None,None,None,None,Other Tools,None
212,Tinderbox,"This small container holds flint, fire steel, and tinder (usually dry cloth soaked in light oil) used to kindle a fire. Using it to light a torch--or anything else with abundant, exposed fuel--takes an action., Lighting any other fire takes 1 minute.",Adventuring Gear,Standard Gear,5 sp,1.0,None,None,None,None,None,None,None,None,None,None,None,None,None,None
213,Tinker's tools,"These special tools include the items needed to pursue a craft or trade. The table shows examples of the most common types of tools, each providing items related to a single craft. Proficiency with a set of artisans tools lets you add your proficiency bonus to any ability checks you make using the tools in your craft. Each type of artisans tools requires a separate proficiency.",Tools,,50 gp,10.0,None,None,None,None,None,None,None,None,None,None,None,None,Artisan's Tools,None
214,Torch,"A torch burns for 1 hour, providing bright light in a 20-foot radius and dim light for an additional 20 feet. If you make a melee attack with a burning torch and hit, it deals 1 fire damage.",Adventuring Gear,Standard Gear,1 cp,1.0,None,None,None,None,None,None,None,None,None,None,None,None,None,None
215,Totem,"A druidic focus might be a sprig of mistletoe or holly, a wand or scepter made of yew or another special wood, a staff drawn whole out of a living tree, or a totem object incorporating feathers, fur, bones, and teeth from sacred animals. A druid can use such an object as a spellcasting focus.",Adventuring Gear,Druidic focus,1 gp,0.0,None,None,None,None,None,None,None,None,None,None,None,None,None,None
216,Trident,None,Weapon,,5 gp,4.0,None,Range: 5; Long: None,None,"Thrown, Versatile",1d6,Slashing,Martial Melee,Range: 20; Long: 60,Martial,Melee,None,None,None,None
217,Vial,None,Adventuring Gear,Standard Gear,1 gp,0.0,None,None,None,None,None,None,None,None,None,None,None,None,None,None
218,Viol,"Several of the most common types of musical instruments are shown on the table as examples. If you have proficiency with a given musical instrument, you can add your proficiency bonus to any ability checks you make to play music with the instrument. A bard can use a musical instrument as a spellcasting focus. Each type of musical instrument requires a separate proficiency.",Tools,,30 gp,1.0,None,None,None,None,None,None,None,None,None,None,None,None,Musical Instrument,None
219,Wagon,None,Mounts and Vehicles,,35 gp,400.0,None,None,None,None,None,None,None,None,None,None,None,None,None,"Tack, Harness, and Drawn Vehicles"
220,Wand,"An arcane focus is a special item--an orb, a crystal, a rod, a specially constructed staff, a wand-like length of wood, or some similar item--designed to channel the power of arcane spells. A sorcerer, warlock, or wizard can use such an item as a spellcasting focus.",Adventuring Gear,Arcane focus,10 gp,1.0,None,None,None,None,None,None,None,None,None,None,None,None,None,None
221,War pick,None,Weapon,,5 gp,2.0,None,Range: 5; Long: None,None,None,1d8,Piercing,Martial Melee,None,Martial,Melee,None,None,None,None
222,Warhammer,None,Weapon,,15 gp,2.0,None,Range: 5; Long: None,None,Versatile,1d8,Bludgeoning,Martial Melee,None,Martial,Melee,None,None,None,None
223,Warhorse,None,Mounts and Vehicles,,400 gp,,60 ft/round,None,540 lb.,None,None,None,None,None,None,None,None,None,None,Mounts and Other Animals
224,Warship,None,Mounts and Vehicles,,25000 gp,,2.5 mph,None,None,None,None,None,None,None,None,None,None,None,None,Waterborne Vehicles
225,Waterskin,None,Adventuring Gear,Standard Gear,2 sp,5.0,None,None,None,None,None,None,None,None,None,None,None,None,None,None
226,Weaver's tools,"These special tools include the items needed to pursue a craft or trade. The table shows examples of the most common types of tools, each providing items related to a single craft. Proficiency with a set of artisans tools lets you add your proficiency bonus to any ability checks you make using the tools in your craft. Each type of artisans tools requires a separate proficiency.",Tools,,1 gp,5.0,None,None,None,None,None,None,None,None,None,None,None,None,Artisan's Tools,None
227,Whetstone,None,Adventuring Gear,Standard Gear,1 cp,1.0,None,None,None,None,None,None,None,None,None,None,None,None,None,None
228,Whip,None,Weapon,,2 gp,3.0,None,Range: 5; Long: None,None,"Finesse, Reach",1d4,Slashing,Martial Melee,None,Martial,Melee,None,None,None,None
229,Woodcarver's tools,"These special tools include the items needed to pursue a craft or trade. The table shows examples of the most common types of tools, each providing items related to a single craft. Proficiency with a set of artisans tools lets you add your proficiency bonus to any ability checks you make using the tools in your craft. Each type of artisans tools requires a separate proficiency.",Tools,,1 gp,5.0,None,None,None,None,None,None,None,None,None,None,None,None,Artisan's Tools,None
230,Wooden staff,"A druidic focus might be a sprig of mistletoe or holly, a wand or scepter made of yew or another special wood, a staff drawn whole out of a living tree, or a totem object incorporating feathers, fur, bones, and teeth from sacred animals. A druid can use such an object as a spellcasting focus.",Adventuring Gear,Druidic focus,5 gp,4.0,None,None,None,None,None,None,None,None,None,None,None,None,None,None
231,Yew wand,"A druidic focus might be a sprig of mistletoe or holly, a wand or scepter made of yew or another special wood, a staff drawn whole out of a living tree, or a totem object incorporating feathers, fur, bones, and teeth from sacred animals. A druid can use such an object as a spellcasting focus.",Adventuring Gear,Druidic focus,10 gp,1.0,None,None,None,None,None,None,None,None,None,None,None,None,None,None
